"Região","Variável","Ano","Valor","Valor corrigido","Variação anual","Índice"
"Acre","Deduções - FUNDEB",2018,838490088.78,1064276684.33,NA,100
"Acre","Deduções - FUNDEB",2019,899746257.51,1094880550.4,2.87555543784803,102.875555437848
"Acre","Deduções - FUNDEB",2020,863941822.44,1005871159.94,-8.12959828608533,94.512186046172
"Acre","Deduções - FUNDEB",2021,1148021827.32,1214435956.63,20.7347426784203,114.109044622596
"Acre","Deduções - FUNDEB",2022,1393948222.07,1393948222.07,14.7815341319552,130.976112001132
"Acre","Outras Deduções da Receita",2018,9730.71,12350.97,NA,100
"Acre","Outras Deduções da Receita",2021,19161455.25,20269963.24,164016.366892641,164116.366892641
"Acre","Outras Deduções da Receita",2022,36340546.06,36340546.06,79.2827427939628,294232.32393893
"Acre","Receitas Brutas Realizadas",2018,7380406325.39,9367784399.74,NA,100
"Acre","Receitas Brutas Realizadas",2019,7410386685,9017529314.13,-3.73893196794455,96.2610680320554
"Acre","Receitas Brutas Realizadas",2020,7890914201.97,9187242491.5,1.88203632567148,98.0727362998981
"Acre","Receitas Brutas Realizadas",2021,9096647758.47,9622897282.8,4.74195376581237,102.723300112106
"Acre","Receitas Brutas Realizadas",2022,10899339134.09,10899339134.09,13.2646313659766,116.349167198943
"Alagoas","Deduções - FUNDEB",2018,1389711545.1,1763929729.39,NA,100
"Alagoas","Deduções - FUNDEB",2019,1497652124.48,1822458463.9,3.31808765025126,103.318087650251
"Alagoas","Deduções - FUNDEB",2020,1481108697.34,1724426905.48,-5.37908327470004,97.7605216777167
"Alagoas","Deduções - FUNDEB",2021,2020094150.03,2136958473.44,23.9228213529393,121.147596632378
"Alagoas","Deduções - FUNDEB",2022,2372051238,2372051238,11.001279036628,134.475381784075
"Alagoas","Deduções - Transferências Constitucionais",2018,1167703311.41,1482139652.19,NA,100
"Alagoas","Deduções - Transferências Constitucionais",2019,1233080174.59,1500506936.24,1.23924112163523,101.239241121635
"Alagoas","Deduções - Transferências Constitucionais",2020,1282269194.74,1492921825.02,-0.505503242724548,100.727473474856
"Alagoas","Deduções - Transferências Constitucionais",2021,1556803728.82,1646866270.93,10.3116213675781,111.11410915271
"Alagoas","Deduções - Transferências Constitucionais",2022,1820936116.93,1820936116.93,10.5697620427736,122.8586060861
"Alagoas","Outras Deduções da Receita",2018,4851277.04,6157617.26,NA,100
"Alagoas","Outras Deduções da Receita",2019,9454373.77,11504810.24,86.8386707750654,186.838670775065
"Alagoas","Outras Deduções da Receita",2020,17029719.56,19827381.11,72.3399230094559,321.997621365638
"Alagoas","Outras Deduções da Receita",2021,20041486.88,21200905.52,6.92741215988055,344.303723742648
"Alagoas","Outras Deduções da Receita",2022,42879188.06,42879188.06,102.251682219656,696.360073214424
"Alagoas","Receitas Brutas Realizadas",2018,12646754910.5,16052242672.64,NA,100
"Alagoas","Receitas Brutas Realizadas",2019,12615255441.02,15351214529.05,-4.3671663697488,95.6328336302512
"Alagoas","Receitas Brutas Realizadas",2020,14592209557.87,16989434210.49,10.6715965589557,105.838383813169
"Alagoas","Receitas Brutas Realizadas",2021,17392441382.4,18398610275.32,8.29442609666138,114.617070340453
"Alagoas","Receitas Brutas Realizadas",2022,19586366266.59,19586366266.59,6.45568319289453,122.01638528661
"Amapá","Deduções - FUNDEB",2018,749589591.02,951437274.23,NA,100
"Amapá","Deduções - FUNDEB",2019,816381574.67,993435983.04,4.41423832632473,104.414238326325
"Amapá","Deduções - FUNDEB",2020,804199972.23,936314851.16,-5.74985533594268,98.4105706724346
"Amapá","Deduções - FUNDEB",2021,1086773790.3,1149644663.77,22.783982582964,120.832417954238
"Amapá","Deduções - FUNDEB",2022,1332088560.84,1332088560.84,15.8695902150945,140.008027530565
"Amapá","Deduções - Transferências Constitucionais",2018,250644295.04,318137188.31,NA,100
"Amapá","Deduções - Transferências Constitucionais",2019,275678817.71,335467219.95,5.44734544617689,105.447345446177
"Amapá","Deduções - Transferências Constitucionais",2020,293401327.86,341601629.09,1.82861656078179,107.37557306791
"Amapá","Deduções - Transferências Constitucionais",2021,367360963.74,388613136.8,13.7620853376007,122.152691065254
"Amapá","Deduções - Transferências Constitucionais",2022,398943738.12,398943738.12,2.65832529622299,125.399906951859
"Amapá","Outras Deduções da Receita",2020,63008.95,73360.13,NA,100
"Amapá","Outras Deduções da Receita",2021,70721.4,74812.7,1.98005374308905,101.980053743089
"Amapá","Outras Deduções da Receita",2022,101445.96,101445.96,35.5999181957074,138.284869451567
"Amapá","Receitas Brutas Realizadas",2018,5965593529.11,7571994214.59,NA,100
"Amapá","Receitas Brutas Realizadas",2019,6950114923.13,8457435181.18,11.6936297294562,111.693629729456
"Amapá","Receitas Brutas Realizadas",2020,7837963111.15,9125592535.73,7.9002361855143,120.517690282257
"Amapá","Receitas Brutas Realizadas",2021,8871085242.9,9384285766.14,2.83481022626335,123.934138090835
"Amapá","Receitas Brutas Realizadas",2022,10678851204.06,10678851204.06,13.7950342751816,141.030894919116
"Amazonas","Deduções - FUNDEB",2018,1956069726.55,2482795480.53,NA,100
"Amazonas","Deduções - FUNDEB",2019,2129123233.67,2590881149.55,4.3533859259695,104.35338592597
"Amazonas","Deduções - FUNDEB",2020,2222722832.86,2587874248.05,-0.116057098972766,104.232276413584
"Amazonas","Deduções - FUNDEB",2021,2804802665.17,2967063105.23,14.6525225275426,119.504934196055
"Amazonas","Deduções - FUNDEB",2022,3213847999.71,3213847999.71,8.31748047572685,129.444733765342
"Amazonas","Outras Deduções da Receita",2022,2395546.1,2395546.1,NA,100
"Amazonas","Receitas Brutas Realizadas",2018,19974388166.33,25353043397.51,NA,100
"Amazonas","Receitas Brutas Realizadas",2019,22061402762.56,26846014193.14,5.88872417493131,105.888724174931
"Amazonas","Receitas Brutas Realizadas",2020,25101167488.38,29224815608.57,8.86091096546413,115.271429746538
"Amazonas","Receitas Brutas Realizadas",2021,28457344694.38,30103628524.07,3.00707770844684,118.737731214654
"Amazonas","Receitas Brutas Realizadas",2022,32579152459.06,32579152459.06,8.22334069466291,128.501939385548
"Bahia","Deduções - FUNDEB",2018,5268139330.47,6686731225.87,NA,100
"Bahia","Deduções - FUNDEB",2019,5607715598.83,6823900283.11,2.05136190773323,102.051361907733
"Bahia","Deduções - FUNDEB",2020,5685942185.3,6620035183.75,-2.98751580330959,99.002561343247
"Bahia","Deduções - FUNDEB",2021,7292024592.35,7713874989.88,16.5231720945384,115.360924931993
"Bahia","Deduções - FUNDEB",2022,8165451081.33,8165451081.33,5.85407583143922,122.114240957361
"Bahia","Deduções - Transferências Constitucionais",2018,152814120.69,193963539.78,NA,100
"Bahia","Deduções - Transferências Constitucionais",2019,2718446.55,3308015.15,-98.2945170243067,1.7054829756933
"Bahia","Outras Deduções da Receita",2018,37249469.53,47279917.15,NA,100
"Bahia","Outras Deduções da Receita",2019,150642230.24,183313069.19,287.718676850516,387.718676850516
"Bahia","Outras Deduções da Receita",2020,168178401.58,195806939.17,6.81559150976321,414.143998071706
"Bahia","Outras Deduções da Receita",2021,27716328.47,29319743.82,-85.0261977720082,62.0131032103553
"Bahia","Outras Deduções da Receita",2022,38989721.63,38989721.63,32.9811128956856,82.4657147902807
"Bahia","Receitas Brutas Realizadas",2018,51335557608.27,65159073161.08,NA,100
"Bahia","Receitas Brutas Realizadas",2019,54659727594.4,66514166781.94,2.07966988344059,102.079669883441
"Bahia","Receitas Brutas Realizadas",2020,57034659881.58,66404378167.2,-0.165060497713121,101.911176672267
"Bahia","Receitas Brutas Realizadas",2021,68015088407.43,71949824463.18,8.35102511165315,110.421804627749
"Bahia","Receitas Brutas Realizadas",2022,79871450541.22,79871450541.22,11.0099310695245,122.57916920299
"Ceará","Deduções - FUNDEB",2018,3158729794.44,4009304960.56,NA,100
"Ceará","Deduções - FUNDEB",2019,3529511056.6,4294980919.4,7.12532375686628,107.125323756866
"Ceará","Deduções - FUNDEB",2020,3371339927.1,3925187454.68,-8.60989773085323,97.9019429375547
"Ceará","Deduções - FUNDEB",2021,4386679038.72,4640452496.68,18.222442883516,115.742068571203
"Ceará","Deduções - FUNDEB",2022,5030586963.26,5030586963.26,8.40725051833029,125.472794231082
"Ceará","Deduções - Transferências Constitucionais",2018,3341736536.31,4241591317.97,NA,100
"Ceará","Deduções - Transferências Constitucionais",2019,3658217130.54,4451600383.94,4.95118577502438,104.951185775024
"Ceará","Deduções - Transferências Constitucionais",2022,4867306106.57,4867306106.57,9.33834321988421,114.751887716034
"Ceará","Outras Deduções da Receita",2018,49100680.74,62322394.02,NA,100
"Ceará","Outras Deduções da Receita",2019,264831597.89,322267487.35,417.097413245358,517.097413245359
"Ceará","Outras Deduções da Receita",2020,236898146.76,275816041.64,-14.4139410686351,442.563296832736
"Ceará","Outras Deduções da Receita",2021,351865546.91,372221295.71,34.9527364314183,597.251279516878
"Ceará","Outras Deduções da Receita",2022,373134903.78,373134903.78,0.245447555131761,598.717218180445
"Ceará","Receitas Brutas Realizadas",2018,29507676159.83,37453432265.87,NA,100
"Ceará","Receitas Brutas Realizadas",2019,32602069203.71,39672709028.91,5.92542960358362,105.925429603584
"Ceará","Receitas Brutas Realizadas",2020,33613188774.69,39135201357.11,-1.35485497450732,104.490293651331
"Ceará","Receitas Brutas Realizadas",2021,38934897995.75,41187318018.4,5.24365939136064,109.96940874744
"Ceará","Receitas Brutas Realizadas",2022,45213878745.27,45213878745.27,9.77621491419074,120.720254486454
"Distrito Federal","Deduções - FUNDEB",2018,2476036311.59,3142777417.7,NA,100
"Distrito Federal","Deduções - FUNDEB",2019,2129032490.69,2590770726.5,-17.5642948205978,82.4357051794021
"Distrito Federal","Deduções - FUNDEB",2020,2374874143.49,2765021147.69,6.72581403702224,87.9801774098766
"Distrito Federal","Deduções - FUNDEB",2021,2525697854.16,2671811821.6,-3.37101675218183,85.0143508907904
"Distrito Federal","Deduções - FUNDEB",2022,2933586076.39,2933586076.39,9.79763068168618,93.3437430175028
"Distrito Federal","Outras Deduções da Receita",2018,128373638.05,162941782.72,NA,100
"Distrito Federal","Outras Deduções da Receita",2019,133426664.98,162363843.33,-0.35469072471922,99.6453092752808
"Distrito Federal","Outras Deduções da Receita",2020,132134217.64,153841376.02,-5.24899333201809,94.4149336357525
"Distrito Federal","Outras Deduções da Receita",2021,90793600.68,96046094.83,-37.5680994835137,58.9450374401795
"Distrito Federal","Outras Deduções da Receita",2022,120632985.08,120632985.08,25.5990525106912,74.0344085269377
"Distrito Federal","Receitas Brutas Realizadas",2018,27377804056,34750033321.68,NA,100
"Distrito Federal","Receitas Brutas Realizadas",2019,27390260443.52,33330578682.35,-4.08475763516585,95.9152423648342
"Distrito Federal","Receitas Brutas Realizadas",2020,29301912592.95,34115663859.21,2.35545018387495,98.1744781174807
"Distrito Federal","Receitas Brutas Realizadas",2021,33442471153.5,35377149180.42,3.6976719152116,101.804648222736
"Distrito Federal","Receitas Brutas Realizadas",2022,36925201302.35,36925201302.35,4.37585322105827,106.259470201178
"Espírito Santo","Deduções - FUNDEB",2018,1928214937.35,2447440020.65,NA,100
"Espírito Santo","Deduções - FUNDEB",2019,2132526966.96,2595023074.39,6.03009889904489,106.030098899045
"Espírito Santo","Deduções - FUNDEB",2020,2196616888.4,2557479589.58,-1.44674955612196,104.496108913867
"Espírito Santo","Deduções - FUNDEB",2021,2844149215.37,3008685889.92,17.6426158855133,122.931956024848
"Espírito Santo","Deduções - FUNDEB",2022,3182705412.47,3182705412.47,5.7839046320195,130.042223123602
"Espírito Santo","Deduções - Transferências Constitucionais",2018,3017075068.64,3829505790.71,NA,100
"Espírito Santo","Deduções - Transferências Constitucionais",2019,3318222771.82,4037869059.69,5.4409963156465,105.440996315647
"Espírito Santo","Deduções - Transferências Constitucionais",2020,3422549622.89,3984809937.09,-1.31403772176985,104.055461849849
"Espírito Santo","Deduções - Transferências Constitucionais",2021,4352139255.31,4603914554.71,15.5366159840516,120.222159367891
"Espírito Santo","Deduções - Transferências Constitucionais",2022,4761922962.29,4761922962.29,3.43204474588588,124.348237671868
"Espírito Santo","Outras Deduções da Receita",2018,63395053.99,80465921.74,NA,100
"Espírito Santo","Outras Deduções da Receita",2019,51422109.16,62574383.29,-22.2349263677247,77.7650736322753
"Espírito Santo","Outras Deduções da Receita",2020,146891179.7,171022628.46,173.310929278197,212.540445398246
"Espírito Santo","Outras Deduções da Receita",2021,137431890.37,145382452.91,-14.9922707777801,180.675806311841
"Espírito Santo","Outras Deduções da Receita",2022,25649131.77,25649131.77,-82.3574776346095,31.8757695374161
"Espírito Santo","Receitas Brutas Realizadas",2018,21606462910.08,27424599305.09,NA,100
"Espírito Santo","Receitas Brutas Realizadas",2019,24967330751.62,30382171203.56,10.7843759741681,110.784375974168
"Espírito Santo","Receitas Brutas Realizadas",2020,24526368061.9,28555587483.68,-6.01202497228366,104.123991625213
"Espírito Santo","Receitas Brutas Realizadas",2021,27398761334,28983805132.78,1.49959320341329,105.685427926747
"Espírito Santo","Receitas Brutas Realizadas",2022,31992142105.37,31992142105.37,10.3793720624613,116.654911707068
"Goiás","Deduções - FUNDEB",2018,2977684709.72,3779508490.62,NA,100
"Goiás","Deduções - FUNDEB",2019,3182091148.08,3872213614.19,2.45283543614405,102.452835436144
"Goiás","Deduções - FUNDEB",2020,3725292411.27,4337287652.37,12.0105470544213,114.757981444791
"Goiás","Deduções - FUNDEB",2021,4643920355.6,4912575462.74,13.2637688915018,129.979214888181
"Goiás","Deduções - FUNDEB",2022,5107432935.38,5107432935.38,3.96650339761535,135.134844862914
"Goiás","Deduções - Transferências Constitucionais",2018,4467796319.28,5670873772.49,NA,100
"Goiás","Deduções - Transferências Constitucionais",2019,4821931180.41,5867697276.59,3.47077914262193,103.470779142622
"Goiás","Deduções - Transferências Constitucionais",2020,5039920086.11,5867883845.11,0.00317958666244955,103.474069085715
"Goiás","Deduções - Transferências Constitucionais",2021,6414564956.55,6785653498.92,15.6405559148009,119.657988718386
"Goiás","Deduções - Transferências Constitucionais",2022,7107399388.25,7107399388.25,4.74156084423127,125.331645058452
"Goiás","Outras Deduções da Receita",2018,9228646797.64,11713714623.57,NA,100
"Goiás","Outras Deduções da Receita",2019,9297538364.02,11313960837.76,-3.41269869257038,96.5873013074296
"Goiás","Outras Deduções da Receita",2020,10381146587.08,12086573062.92,6.82883948635769,103.183093077919
"Goiás","Outras Deduções da Receita",2021,2597735148.24,2748016540.07,-77.2638900558129,23.4598214860085
"Goiás","Outras Deduções da Receita",2022,2947096313.14,2947096313.14,7.24448962250164,25.1593658190198
"Goiás","Receitas Brutas Realizadas",2018,41139966678.38,52218038013.66,NA,100
"Goiás","Receitas Brutas Realizadas",2019,47298677566.31,57556674112.17,10.2237393467626,110.223739346763
"Goiás","Receitas Brutas Realizadas",2020,48610259970.72,56596008332.54,-1.66907799043042,108.384019173096
"Goiás","Receitas Brutas Realizadas",2021,48502442507.53,51308353869.19,-9.34280458841097,98.2579120566881
"Goiás","Receitas Brutas Realizadas",2022,58661440097.89,58661440097.89,14.3311676836224,112.339418195958
"Maranhão","Deduções - FUNDEB",2018,2339952394.64,2970049150.71,NA,100
"Maranhão","Deduções - FUNDEB",2019,2546640938.05,3098948852.14,4.3399854645229,104.339985464523
"Maranhão","Deduções - FUNDEB",2020,2519070598.1,2932906358.58,-5.35802626898273,98.749421634281
"Maranhão","Deduções - FUNDEB",2021,3294660374.85,3485259538.53,18.832963361893,117.346864030746
"Maranhão","Deduções - FUNDEB",2022,4056978912.56,4056978912.56,16.4039253808667,136.596356043137
"Maranhão","Deduções - Transferências Constitucionais",2018,1843084367.84,2339385696.02,NA,100
"Maranhão","Deduções - Transferências Constitucionais",2019,2032660369.66,2473497706.43,5.73278748511479,105.732787485115
"Maranhão","Deduções - Transferências Constitucionais",2020,2103602782.79,2449185021.74,-0.98292731894587,104.693511031841
"Maranhão","Deduções - Transferências Constitucionais",2021,2540846821.92,2687837171.22,9.74414539373802,114.894998964592
"Maranhão","Deduções - Transferências Constitucionais",2022,3081003768.53,3081003768.53,14.6276196162412,131.701402371217
"Maranhão","Outras Deduções da Receita",2018,4480344,5686800.26,NA,100
"Maranhão","Outras Deduções da Receita",2019,3183399.68,3873805.94,-31.8807455354516,68.1192544645484
"Maranhão","Outras Deduções da Receita",2020,2256005.89,2626625.08,-32.1952333007161,46.1881015669786
"Maranhão","Outras Deduções da Receita",2021,4703917.84,4976043.86,89.4462935684753,87.5016464882837
"Maranhão","Outras Deduções da Receita",2022,6624266.94,6624266.94,33.123162222288,116.484958801771
"Maranhão","Receitas Brutas Realizadas",2018,19922643701.33,25287365307.35,NA,100
"Maranhão","Receitas Brutas Realizadas",2019,21218318539.68,25820084370.95,2.10666100293637,102.106661002936
"Maranhão","Receitas Brutas Realizadas",2020,22863162202.67,26619148289.06,3.09473782746048,105.266594465351
"Maranhão","Receitas Brutas Realizadas",2021,26024908470.52,27530473604.73,3.4235705281545,108.870470569459
"Maranhão","Receitas Brutas Realizadas",2022,31570291647.36,31570291647.36,14.6739867269698,124.846108970411
"Mato Grosso","Deduções - FUNDEB",2018,2092201949.41,2655585061.13,NA,100
"Mato Grosso","Deduções - FUNDEB",2019,2265440564.89,2756762578.22,3.80998969194934,103.809989691949
"Mato Grosso","Deduções - FUNDEB",2020,2469002328.58,2874612817.24,4.27495062328125,108.247815493314
"Mato Grosso","Deduções - FUNDEB",2021,3527831122.44,3731919430.51,29.8233768432552,140.530969432476
"Mato Grosso","Deduções - FUNDEB",2022,3865073487.39,3865073487.39,3.56797780229148,145.545083227172
"Mato Grosso","Deduções - Transferências Constitucionais",2018,3200125262.74,4061847301.06,NA,100
"Mato Grosso","Deduções - Transferências Constitucionais",2019,3471896234.5,4224870766,4.01353012205694,104.013530122057
"Mato Grosso","Deduções - Transferências Constitucionais",2020,3849255527.74,4481615569.5,6.07698596525543,110.334417749541
"Mato Grosso","Deduções - Transferências Constitucionais",2021,5409653008.42,5722606460.95,27.690703769767,140.886794524664
"Mato Grosso","Deduções - Transferências Constitucionais",2022,5877415325.49,5877415325.49,2.70521598150051,144.698086605969
"Mato Grosso","Outras Deduções da Receita",2018,2948503380.39,3742469283.08,NA,100
"Mato Grosso","Outras Deduções da Receita",2019,3424334416.74,4166993882.63,11.3434357756605,111.34343577566
"Mato Grosso","Outras Deduções da Receita",2020,4517219366.11,5259313260.99,26.2136064781209,140.530565869111
"Mato Grosso","Outras Deduções da Receita",2021,9507535707.64,10057555481.58,91.2332462905393,268.741163141966
"Mato Grosso","Outras Deduções da Receita",2022,11662035346.5,11662035346.5,15.9529805016591,311.613388497936
"Mato Grosso","Receitas Brutas Realizadas",2018,26363581874.88,33462703829.61,NA,100
"Mato Grosso","Receitas Brutas Realizadas",2019,29907585842.58,36393854128.58,8.7594544478391,108.759454447839
"Mato Grosso","Receitas Brutas Realizadas",2020,34655106516.9,40348286521.75,10.8656598424529,120.576886814649
"Mato Grosso","Receitas Brutas Realizadas",2021,47040078092.74,49761390314.35,23.3296246360445,148.707021906335
"Mato Grosso","Receitas Brutas Realizadas",2022,55204698353.23,55204698353.23,10.9388182373801,164.973812738889
"Mato Grosso do Sul","Deduções - FUNDEB",2018,1646045712.8,2089288945.59,NA,100
"Mato Grosso do Sul","Deduções - FUNDEB",2019,1759780232.4,2141436136.42,2.49593005984503,102.495930059845
"Mato Grosso do Sul","Deduções - FUNDEB",2020,1926673620.52,2243189737.04,4.75165235560604,107.366180334934
"Mato Grosso do Sul","Deduções - FUNDEB",2021,2442365880.99,2583659016.36,15.1779082124933,123.66212063743
"Mato Grosso do Sul","Deduções - FUNDEB",2022,2742356320.03,2742356320.03,6.142347061478,131.257877270565
"Mato Grosso do Sul","Deduções - Transferências Constitucionais",2018,2482796510.69,3151357986.96,NA,100
"Mato Grosso do Sul","Deduções - Transferências Constitucionais",2019,2645297181.26,3219001368.02,2.14648355851355,102.146483558514
"Mato Grosso do Sul","Deduções - Transferências Constitucionais",2020,2945813630.9,3429755218.36,6.54718113616815,108.834198861316
"Mato Grosso do Sul","Deduções - Transferências Constitucionais",2021,3627596604.59,3837456438.49,11.8871812760139,121.771517370258
"Mato Grosso do Sul","Deduções - Transferências Constitucionais",2022,4007290482.09,4007290482.09,4.4256930683708,127.160750973763
"Mato Grosso do Sul","Outras Deduções da Receita",2020,347451.39,404531.1,NA,100
"Mato Grosso do Sul","Outras Deduções da Receita",2021,4943080.92,5229042.74,1192.61822885805,1292.61822885805
"Mato Grosso do Sul","Outras Deduções da Receita",2022,31285773.82,31285773.82,498.307861985462,7733.83648871496
"Mato Grosso do Sul","Receitas Brutas Realizadas",2018,19052344519.8,24182714054.24,NA,100
"Mato Grosso do Sul","Receitas Brutas Realizadas",2019,19523199914.74,23757333459.15,-1.75902751914406,98.2409724808559
"Mato Grosso do Sul","Receitas Brutas Realizadas",2020,22429230078.23,26113929305.55,9.9194459279367,107.985932625174
"Mato Grosso do Sul","Receitas Brutas Realizadas",2021,25966410691.71,27468591675.07,5.18750875699159,113.587712336424
"Mato Grosso do Sul","Receitas Brutas Realizadas",2022,29352011055.83,29352011055.83,6.85662884737319,121.376000187554
"Minas Gerais","Deduções - FUNDEB",2018,8991975485.27,11413313029.11,NA,100
"Minas Gerais","Deduções - FUNDEB",2019,9547246806.45,11617825304.67,1.79187476097769,101.791874760978
"Minas Gerais","Deduções - FUNDEB",2020,9508140494.42,11070148544.22,-4.71410738315933,96.9932964774141
"Minas Gerais","Deduções - FUNDEB",2021,12473320457.13,13194913634.27,19.1936457000786,115.609846156116
"Minas Gerais","Deduções - FUNDEB",2022,13769736004.85,13769736004.85,4.35639358098612,120.646266073049
"Minas Gerais","Deduções - Transferências Constitucionais",2022,21692751243.83,21692751243.83,NA,100
"Minas Gerais","Outras Deduções da Receita",2018,843453.51,1070576.64,NA,100
"Minas Gerais","Outras Deduções da Receita",2020,16254141.5,18924390.21,1667.68196716865,1767.68196716865
"Minas Gerais","Outras Deduções da Receita",2021,59885871.77,63350325.09,234.754908279816,5917.40214787425
"Minas Gerais","Receitas Brutas Realizadas",2018,100746782456.06,127875633861.63,NA,100
"Minas Gerais","Receitas Brutas Realizadas",2019,109095587125.6,132755913660.82,3.81642667317748,103.816426673177
"Minas Gerais","Receitas Brutas Realizadas",2020,113778395779.22,132470039030.08,-0.215338528323783,103.592869907821
"Minas Gerais","Receitas Brutas Realizadas",2021,141528703745.93,149716270748.96,13.0189677946452,117.079592278669
"Minas Gerais","Receitas Brutas Realizadas",2022,154178319571.61,154178319571.61,2.98033660625425,120.568958225803
"Paraná","Deduções - FUNDEB",2018,5432299870.4,6895096521.39,NA,100
"Paraná","Deduções - FUNDEB",2019,5728031477.15,6970309911.36,1.09082432329515,101.090824323295
"Paraná","Deduções - FUNDEB",2020,5771932779.1,6720152409.34,-3.58890071175029,97.4627750096422
"Paraná","Deduções - FUNDEB",2021,7304753461.2,7727340235.62,14.9875741639454,112.070080696452
"Paraná","Deduções - FUNDEB",2022,8182347227.19,8182347227.19,5.88827433108996,118.669074490933
"Paraná","Deduções - Transferências Constitucionais",2020,9804634583.76,11415351017.14,NA,100
"Paraná","Deduções - Transferências Constitucionais",2021,11806032956.87,12489022932.16,9.40550941804501,109.405509418045
"Paraná","Deduções - Transferências Constitucionais",2022,13096082163.11,13096082163.11,4.86074238351173,114.723429384225
"Paraná","Outras Deduções da Receita",2018,397250528.21,504221195.54,NA,100
"Paraná","Outras Deduções da Receita",2019,387273588.54,471264332.85,-6.53619145357517,93.4638085464248
"Paraná","Outras Deduções da Receita",2020,331923026.61,386451715.98,-17.9968249150303,76.6432905634057
"Paraná","Outras Deduções da Receita",2021,915271768.07,968221090.21,150.541283729248,192.023084069894
"Paraná","Outras Deduções da Receita",2022,1205290542.73,1205290542.73,24.485053560296,239.04003905254
"Paraná","Receitas Brutas Realizadas",2018,57211876217.72,72617752720.24,NA,100
"Paraná","Receitas Brutas Realizadas",2019,58519238723.62,71210717208.44,-1.93759164817535,98.0624083518246
"Paraná","Receitas Brutas Realizadas",2020,64347061633.84,74918069530.94,5.20617186265413,103.167705863278
"Paraná","Receitas Brutas Realizadas",2021,76240465457.49,80651047217.61,7.65232970171819,111.062438861635
"Paraná","Receitas Brutas Realizadas",2022,86945610739.34,86945610739.34,7.80468913781889,119.730516963666
"Paraíba","Deduções - FUNDEB",2018,1716585300.66,2178823264.11,NA,100
"Paraíba","Deduções - FUNDEB",2019,1827929961.61,2224365976.25,2.09024352228051,102.090243522281
"Paraíba","Deduções - FUNDEB",2020,1827214410.2,2127391255.41,-4.35965672355262,97.6394593564702
"Paraíba","Deduções - FUNDEB",2021,2378368472.29,2515959298.1,18.2650014049773,115.473307979742
"Paraíba","Deduções - FUNDEB",2022,2718186308.21,2718186308.21,8.03776954033866,124.754786355759
"Paraíba","Deduções - Transferências Constitucionais",2018,1547997907.78,1964839063.32,NA,100
"Paraíba","Deduções - Transferências Constitucionais",2019,1633700255.99,1988012309.63,1.17939666116187,101.179396661162
"Paraíba","Deduções - Transferências Constitucionais",2020,1700891172.32,1980315493.46,-0.387161393956992,100.787669098651
"Paraíba","Deduções - Transferências Constitucionais",2021,2063783770.98,2183175579.55,10.2438266407523,111.112183196372
"Paraíba","Deduções - Transferências Constitucionais",2022,2185548727.9,2185548727.9,0.108701671648825,111.232963996912
"Paraíba","Outras Deduções da Receita",2018,5032907.88,6388157.22,NA,100
"Paraíba","Outras Deduções da Receita",2019,6354809.2,7733021.32,21.0524577540063,121.052457754006
"Paraíba","Outras Deduções da Receita",2020,11028549.07,12840331.56,66.0454695345389,201.002121860739
"Paraíba","Outras Deduções da Receita",2021,137732560.43,145700517.02,1034.70992816014,2280.79103256635
"Paraíba","Outras Deduções da Receita",2022,76025694.82,76025694.82,-47.8205730666254,1190.10369034092
"Paraíba","Receitas Brutas Realizadas",2018,13972018807.68,17734370446.4,NA,100
"Paraíba","Receitas Brutas Realizadas",2019,14844544847.9,18063985593.6,1.85862333369102,101.858623333691
"Paraíba","Receitas Brutas Realizadas",2020,15881123164.94,18490091999.39,2.35887259532011,104.26133848548
"Paraíba","Receitas Brutas Realizadas",2021,18809312104.47,19897448285.05,7.61140769719495,112.197094028162
"Paraíba","Receitas Brutas Realizadas",2022,22352818025.64,22352818025.64,12.3401237455903,126.042354270194
"Pará","Deduções - FUNDEB",2018,2863179742.56,3634169901.15,NA,100
"Pará","Deduções - FUNDEB",2019,3152398446.08,3836081247.27,5.55591377431492,105.555913774315
"Pará","Deduções - FUNDEB",2020,3340008408.71,3888708759.1,1.37190816454822,107.004043973548
"Pará","Deduções - FUNDEB",2021,4274847861.47,4522151781.93,16.2892893778089,124.434242342357
"Pará","Deduções - FUNDEB",2022,5128254436.58,5128254436.58,13.4029701760988,141.112126732358
"Pará","Deduções - Transferências Constitucionais",2022,5634845727.33,5634845727.33,NA,100
"Pará","Outras Deduções da Receita",2018,153866672.89,195299520.7,NA,100
"Pará","Outras Deduções da Receita",2019,58260548.96,70895923.58,-63.6988747714832,36.3011252285168
"Pará","Outras Deduções da Receita",2020,507407283,590764724.03,733.284474195999,302.491640487677
"Pará","Outras Deduções da Receita",2021,142743118.66,151000940.69,-74.4397499464894,77.3176196996166
"Pará","Outras Deduções da Receita",2022,359504167.29,359504167.29,138.080746813393,184.078366399186
"Pará","Receitas Brutas Realizadas",2018,27878040047.02,35384971657.9,NA,100
"Pará","Receitas Brutas Realizadas",2019,30888704602.4,37587755007.63,6.22519461376538,106.225194613765
"Pará","Receitas Brutas Realizadas",2020,35799293449.3,41680441774.56,10.8883511827169,117.791366847837
"Pará","Receitas Brutas Realizadas",2021,39639686244.48,41932878922.12,0.605648925041091,118.504768994942
"Pará","Receitas Brutas Realizadas",2022,50356096660.67,50356096660.67,20.0873823955518,142.309275099921
"Pernambuco","Deduções - FUNDEB",2018,3692983081.32,4687420688.3,NA,100
"Pernambuco","Deduções - FUNDEB",2019,4039596602.89,4915692302.2,4.86987682735145,104.869876827351
"Pernambuco","Deduções - FUNDEB",2020,3985253769.15,4639955755.47,-5.60931258058188,98.9873976332341
"Pernambuco","Deduções - FUNDEB",2021,5066778568.66,5359896416.29,15.5161104709084,114.346391602284
"Pernambuco","Deduções - FUNDEB",2022,5689108196.8,5689108196.8,6.14212952902313,121.36969508626
"Pernambuco","Outras Deduções da Receita",2018,15058664.89,19113625.97,NA,100
"Pernambuco","Outras Deduções da Receita",2019,19774970.08,24063706.79,25.8981777071993,125.898177707199
"Pernambuco","Outras Deduções da Receita",2020,30585613.11,35610252.15,47.9832365843085,186.308198171778
"Pernambuco","Outras Deduções da Receita",2021,128864657.01,136319597.14,282.809974402273,713.20636573072
"Pernambuco","Outras Deduções da Receita",2022,55446050.98,55446050.98,-59.3264269090694,290.086512454654
"Pernambuco","Receitas Brutas Realizadas",2018,38501010548.53,48868470120.66,NA,100
"Pernambuco","Receitas Brutas Realizadas",2019,41588098038.09,50607601076.53,3.55879967507873,103.558799675079
"Pernambuco","Receitas Brutas Realizadas",2020,43616023905.1,50781313530.36,0.343253681531563,103.914269067513
"Pernambuco","Receitas Brutas Realizadas",2021,49444217307.59,52304611216.41,2.99972092123866,107.031407136884
"Pernambuco","Receitas Brutas Realizadas",2022,57146887229.82,57146887229.82,9.25783769498851,116.940201092279
"Piauí","Deduções - FUNDEB",2018,1439672897.78,1827344555.02,NA,100
"Piauí","Deduções - FUNDEB",2019,1528852265.08,1860425198.22,1.81031229765194,101.810312297652
"Piauí","Deduções - FUNDEB",2020,1522041571.49,1772084278.39,-4.74842632289231,96.9759246290914
"Piauí","Deduções - FUNDEB",2021,2005035891.75,2121029080.92,19.6912080754437,116.071655730891
"Piauí","Deduções - FUNDEB",2022,2297374674.85,2297374674.85,8.31415257416035,125.722030283712
"Piauí","Deduções - Transferências Constitucionais",2018,1199525723.25,1522531126.6,NA,100
"Piauí","Deduções - Transferências Constitucionais",2019,1236161133.24,1504256084.04,-1.20030666307692,98.7996933369231
"Piauí","Deduções - Transferências Constitucionais",2020,1305823659.32,1520345843.62,1.06961572239666,99.8564703905345
"Piauí","Deduções - Transferências Constitucionais",2021,1543746995.92,1633054193.9,7.41333629798582,107.259166355883
"Piauí","Deduções - Transferências Constitucionais",2022,1622514348.94,1622514348.94,-0.645406931341885,106.566908261723
"Piauí","Outras Deduções da Receita",2018,5041174.08,6398649.32,NA,100
"Piauí","Outras Deduções da Receita",2019,6266945.4,7626101.88,19.182994701138,119.182994701138
"Piauí","Outras Deduções da Receita",2020,4478331.59,5214036.96,-31.6290676148166,81.4865247217517
"Piauí","Outras Deduções da Receita",2021,6641692.01,7025920.06,34.7501008124806,109.803174211147
"Piauí","Outras Deduções da Receita",2022,10910660.16,10910660.16,55.2915499582271,170.515051135823
"Piauí","Receitas Brutas Realizadas",2018,13085934877.22,16609683965.11,NA,100
"Piauí","Receitas Brutas Realizadas",2019,14142089054.12,17209183276.05,3.60933604877309,103.609336048773
"Piauí","Receitas Brutas Realizadas",2020,16700707802.12,19444318925.62,12.988040244075,117.066158311407
"Piauí","Receitas Brutas Realizadas",2021,18795256408.73,19882579454.25,2.25392583976056,119.704742703202
"Piauí","Receitas Brutas Realizadas",2022,19848772367.04,19848772367.04,-0.170033708592943,119.501204289823
"Rio Grande do Norte","Deduções - FUNDEB",2018,1646425427.47,2089770908.92,NA,100
"Rio Grande do Norte","Deduções - FUNDEB",2019,1691899074.27,2058833114.56,-1.48043951745834,98.5195604825417
"Rio Grande do Norte","Deduções - FUNDEB",2020,1671360424.75,1945933401.36,-5.48367482539391,93.1170681462718
"Rio Grande do Norte","Deduções - FUNDEB",2021,2071664883.45,2191512621.7,12.6201246234001,104.868558191988
"Rio Grande do Norte","Deduções - FUNDEB",2022,2370930680.12,2370930680.12,8.18695072268496,113.454095374756
"Rio Grande do Norte","Deduções - Transferências Constitucionais",2018,1564423684.22,1985687933.36,NA,100
"Rio Grande do Norte","Deduções - Transferências Constitucionais",2019,1614597363.29,1964766438.36,-1.05361445011143,98.9463855498886
"Rio Grande do Norte","Deduções - Transferências Constitucionais",2020,1643653982.69,1913675313.73,-2.60036631492168,96.3734170702167
"Rio Grande do Norte","Deduções - Transferências Constitucionais",2021,1914810270.89,2025583824.07,5.84783163251847,102.009172238988
"Rio Grande do Norte","Deduções - Transferências Constitucionais",2022,2076462857.55,2076462857.55,2.51182068475295,104.571459727632
"Rio Grande do Norte","Outras Deduções da Receita",2019,25817.86,31417.16,NA,100
"Rio Grande do Norte","Outras Deduções da Receita",2020,1361645.79,1585338.5,4946.09105342431,5046.09105342431
"Rio Grande do Norte","Outras Deduções da Receita",2021,4865420.34,5146889.43,224.655550218455,16382.4146740189
"Rio Grande do Norte","Outras Deduções da Receita",2022,6116024.14,6116024.14,18.8295226307203,19467.1451525217
"Rio Grande do Norte","Receitas Brutas Realizadas",2018,14776431191.58,18755393063.4,NA,100
"Rio Grande do Norte","Receitas Brutas Realizadas",2019,15773004928.49,19193807335.65,2.33753710608997,102.33753710609
"Rio Grande do Norte","Receitas Brutas Realizadas",2020,16947506247.67,19731661698.31,2.80222862121267,105.205268861121
"Rio Grande do Norte","Receitas Brutas Realizadas",2021,19387057983.81,20508617300.28,3.93760856966519,109.347840543536
"Rio Grande do Norte","Receitas Brutas Realizadas",2022,22225560728.2,22225560728.2,8.37181465128105,118.502239079019
"Rio Grande do Sul","Deduções - FUNDEB",2018,6103470921.78,7746998900.13,NA,100
"Rio Grande do Sul","Deduções - FUNDEB",2019,6275053677.07,7635968659.4,-1.43320325924065,98.5667967407594
"Rio Grande do Sul","Deduções - FUNDEB",2020,6363936493.89,7409411162.44,-2.96697782646219,95.642341737207
"Rio Grande do Sul","Deduções - FUNDEB",2021,8356866789.16,8840319297.1,19.3120357784111,114.112824992807
"Rio Grande do Sul","Deduções - FUNDEB",2022,7951111885.51,7951111885.51,-10.0585440605262,102.634736212194
"Rio Grande do Sul","Deduções - Transferências Constitucionais",2020,10740295844.82,12504723766,NA,100
"Rio Grande do Sul","Deduções - Transferências Constitucionais",2021,13851507018.17,14652829568.31,17.178354696252,117.178354696252
"Rio Grande do Sul","Deduções - Transferências Constitucionais",2022,13168881997.51,13168881997.51,-10.1273789057737,105.311258720611
"Rio Grande do Sul","Outras Deduções da Receita",2018,80848741.49,102619496.25,NA,100
"Rio Grande do Sul","Outras Deduções da Receita",2019,35618157.29,43342917.33,-57.7634670663276,42.2365329336724
"Rio Grande do Sul","Outras Deduções da Receita",2020,323371356.97,376495168.4,768.64288698769,366.884639038559
"Rio Grande do Sul","Outras Deduções da Receita",2021,340588283.09,360291631.7,-4.3037834373441,351.094718709458
"Rio Grande do Sul","Outras Deduções da Receita",2022,384433204.32,384433204.32,6.70056434730122,374.620046256561
"Rio Grande do Sul","Receitas Brutas Realizadas",2018,72801684321.89,92405546876.06,NA,100
"Rio Grande do Sul","Receitas Brutas Realizadas",2019,76739827442.41,93382933028.83,1.0577137258664,101.057713725866
"Rio Grande do Sul","Receitas Brutas Realizadas",2020,81388191462.52,94758735397.79,1.47329102260607,102.546587949841
"Rio Grande do Sul","Receitas Brutas Realizadas",2021,96065236200.97,101622699367.38,7.24362133029277,109.974674468063
"Rio Grande do Sul","Receitas Brutas Realizadas",2022,94657422810.13,94657422810.13,-6.85405583655042,102.436948873957
"Rio de Janeiro","Deduções - FUNDEB",2018,6606215253.12,8385121016.52,NA,100
"Rio de Janeiro","Deduções - FUNDEB",2019,6530900481.38,7947302757.86,-5.22137078042678,94.7786292195732
"Rio de Janeiro","Deduções - FUNDEB",2020,6785722028.24,7900488100.33,-0.589063471675333,94.2203229358861
"Rio de Janeiro","Deduções - FUNDEB",2021,9572198015.2,10125958563.71,28.1687717912902,120.761030684713
"Rio de Janeiro","Deduções - FUNDEB",2022,9315274838.27,9315274838.27,-8.00599489262551,111.092908735813
"Rio de Janeiro","Deduções - Transferências Constitucionais",2018,11771110880.93,14940807323.66,NA,100
"Rio de Janeiro","Deduções - Transferências Constitucionais",2019,11694657523.76,14230960072.93,-4.75106354932975,95.2489364506703
"Rio de Janeiro","Deduções - Transferências Constitucionais",2020,12131190175.41,14124115786.76,-0.750787618139959,94.5338192293886
"Rio de Janeiro","Deduções - Transferências Constitucionais",2021,15001219483.97,15869053968.43,12.3543180190133,106.212827892506
"Rio de Janeiro","Deduções - Transferências Constitucionais",2022,15244963301.14,15244963301.14,-3.93275281898701,102.035739909438
"Rio de Janeiro","Outras Deduções da Receita",2018,85495305.26,108517275.55,NA,100
"Rio de Janeiro","Outras Deduções da Receita",2019,11947913210.6,14539141100.06,13297.9967948615,13397.9967948615
"Rio de Janeiro","Outras Deduções da Receita",2020,10941214986.73,12738650131.27,-12.383750569575,11738.8222904662
"Rio de Janeiro","Outras Deduções da Receita",2021,8468193732.62,8958086607.67,-29.6778974588502,8254.98664822497
"Rio de Janeiro","Outras Deduções da Receita",2022,1785978541.02,1785978541.02,-80.0629462603004,1645.80112426164
"Rio de Janeiro","Receitas Brutas Realizadas",2018,87815166476.42,111461823415.89,NA,100
"Rio de Janeiro","Receitas Brutas Realizadas",2019,99812606570.33,121459667886.08,8.96974781480626,108.969747814806
"Rio de Janeiro","Receitas Brutas Realizadas",2020,97007846566.71,112944405068.36,-7.01077400088618,101.330125066175
"Rio de Janeiro","Receitas Brutas Realizadas",2021,124465082121.19,131665502759.78,16.5754980780934,118.126097999048
"Rio de Janeiro","Receitas Brutas Realizadas",2022,127059399417.34,127059399417.34,-3.49833726062909,113.99364869822
"Rondônia","Deduções - FUNDEB",2018,1097447725.62,1392965811.14,NA,100
"Rondônia","Deduções - FUNDEB",2019,1224694430.19,1490302516.53,6.98773111382682,106.987731113827
"Rondônia","Deduções - FUNDEB",2020,1243317268.85,1447570832.79,-2.86731608287798,103.920054692894
"Rondônia","Deduções - FUNDEB",2021,1632758229.12,1727214809.64,19.3181549749123,123.995491908481
"Rondônia","Deduções - FUNDEB",2022,1837579819.59,1837579819.59,6.38976746459248,131.91851550801
"Rondônia","Deduções - Transferências Constitucionais",2018,1063925419.3,1350416698.75,NA,100
"Rondônia","Deduções - Transferências Constitucionais",2019,1182341622.59,1438764357.95,6.54225168289004,106.54225168289
"Rondônia","Deduções - Transferências Constitucionais",2020,1263460280.64,1471022961.28,2.24210470267439,108.931040518207
"Rondônia","Deduções - Transferências Constitucionais",2021,1642278416.52,1737285748.72,18.1005187851258,128.648123970038
"Rondônia","Deduções - Transferências Constitucionais",2022,1761752645.89,1761752645.89,1.40834040617825,130.459927481699
"Rondônia","Outras Deduções da Receita",2018,654254019.42,830429969.08,NA,100
"Rondônia","Outras Deduções da Receita",2019,539478104.59,656478511.75,-20.9471555467481,79.0528444532519
"Rondônia","Outras Deduções da Receita",2020,591341635.11,688487906.22,4.87592417681295,82.9074012084063
"Rondônia","Outras Deduções da Receita",2021,755063071.87,798744172.09,16.0142632679402,96.1844107065279
"Rondônia","Outras Deduções da Receita",2022,659425081.53,659425081.53,-17.4422669270258,79.4076690489086
"Rondônia","Receitas Brutas Realizadas",2018,10561027068.5,13404875051,NA,100
"Rondônia","Receitas Brutas Realizadas",2019,11443806646.95,13925705403.87,3.88538013885589,103.885380138856
"Rondônia","Receitas Brutas Realizadas",2020,12680013094.44,14763099954.25,6.01330077072637,110.132320503418
"Rondônia","Receitas Brutas Realizadas",2021,14906582048.2,15768941669.08,6.81321482579571,117.635872091949
"Rondônia","Receitas Brutas Realizadas",2022,17445086594.76,17445086594.76,10.6294065946519,130.139867237767
"Roraima","Deduções - FUNDEB",2018,831890015.7,1055899359.44,NA,100
"Roraima","Deduções - FUNDEB",2019,485965433.72,591360171.95,-43.9946462072266,56.0053537927734
"Roraima","Deduções - FUNDEB",2020,654628841.83,762172006.68,28.8845686321334,72.1822586467161
"Roraima","Deduções - FUNDEB",2021,914846585.16,967771310.08,26.9754466968139,91.6537453525174
"Roraima","Deduções - FUNDEB",2022,1142824830.67,1142824830.67,18.0883147461283,108.232363288496
"Roraima","Deduções - Transferências Constitucionais",2020,274145890.32,319182886.54,NA,100
"Roraima","Deduções - Transferências Constitucionais",2021,434608245.7,459750736.5,44.0399081178132,144.039908117813
"Roraima","Deduções - Transferências Constitucionais",2022,450774254.23,450774254.23,-1.95246718653163,141.227576176303
"Roraima","Outras Deduções da Receita",2021,260670.02,275750.02,NA,100
"Roraima","Outras Deduções da Receita",2022,3588788.78,3588788.78,1201.46455837066,1301.46455837066
"Roraima","Receitas Brutas Realizadas",2018,4586581482.78,5821645119.28,NA,100
"Roraima","Receitas Brutas Realizadas",2019,5612439183.72,6829648305.05,17.3147480672038,117.314748067204
"Roraima","Receitas Brutas Realizadas",2020,5833770178.3,6792148526.26,-0.549073350706386,116.670604049118
"Roraima","Receitas Brutas Realizadas",2021,7210689099.55,7627834163.26,12.3037008653307,131.025406169096
"Roraima","Receitas Brutas Realizadas",2022,8669291431.11,8669291431.11,13.6533810982186,148.914804208852
"Santa Catarina","Deduções - FUNDEB",2018,3739832235.93,4746885270.65,NA,100
"Santa Catarina","Deduções - FUNDEB",2019,4134902282.37,5031667594.05,5.99935130433444,105.999351304334
"Santa Catarina","Deduções - FUNDEB",2020,4187216462.75,4875097108.28,-3.11170169418875,102.700967693968
"Santa Catarina","Deduções - FUNDEB",2021,5124919803.21,5421401175.28,11.2060140519487,114.209652565242
"Santa Catarina","Deduções - FUNDEB",2022,6152443799.52,6152443799.52,13.4843853204102,129.610122190241
"Santa Catarina","Deduções - Transferências Constitucionais",2018,6398229915.66,8121129887.34,NA,100
"Santa Catarina","Deduções - Transferências Constitucionais",2019,7078977725.39,8614245364.82,6.0720057962466,106.072005796247
"Santa Catarina","Deduções - Transferências Constitucionais",2020,7148634993.19,8323020816.69,-3.38073198285415,102.485995571438
"Santa Catarina","Deduções - Transferências Constitucionais",2021,8520092426.69,9012987689.41,8.28986119242214,110.981942345982
"Santa Catarina","Deduções - Transferências Constitucionais",2022,10322053073.91,10322053073.91,14.5242113892834,127.101194256245
"Santa Catarina","Outras Deduções da Receita",2018,42234374.32,53607145.11,NA,100
"Santa Catarina","Outras Deduções da Receita",2019,20718698.66,25212108.42,-52.968753757982,47.031246242018
"Santa Catarina","Outras Deduções da Receita",2020,57520857.32,66970448.67,165.628116277948,124.928213454716
"Santa Catarina","Outras Deduções da Receita",2021,33710441.06,35660621.39,-46.7517060163067,66.5221423689429
"Santa Catarina","Outras Deduções da Receita",2022,38372188.3,38372188.3,7.6038128453936,71.5803615754236
"Santa Catarina","Receitas Brutas Realizadas",2018,35936458206.62,45613341288.77,NA,100
"Santa Catarina","Receitas Brutas Realizadas",2019,39433666293.35,47985922581.29,5.20150733422402,105.201507334224
"Santa Catarina","Receitas Brutas Realizadas",2020,41345906025.36,48138258123.64,0.317458817410321,105.535478795305
"Santa Catarina","Receitas Brutas Realizadas",2021,47838170625.1,50605653241.2,5.12564270859708,110.94485036916
"Santa Catarina","Receitas Brutas Realizadas",2022,58960692597.32,58960692597.32,16.5100909107875,129.261946025945
"Sergipe","Deduções - FUNDEB",2018,1271661323.37,1614091227.72,NA,100
"Sergipe","Deduções - FUNDEB",2019,1353105343.86,1646562807.32,2.01175615370068,102.011756153701
"Sergipe","Deduções - FUNDEB",2020,1309892226.87,1525082800.04,-7.37779371305762,94.4855392216133
"Sergipe","Deduções - FUNDEB",2021,1675578693.12,1772512477.26,16.2240159821821,109.814888205779
"Sergipe","Deduções - FUNDEB",2022,1996294325.19,1996294325.19,12.6251211656309,123.67915089966
"Sergipe","Deduções - Transferências Constitucionais",2018,1030650746.09,1308181901.53,NA,100
"Sergipe","Deduções - Transferências Constitucionais",2019,993909627.51,1209465792.09,-7.54605375021207,92.4539462497879
"Sergipe","Deduções - Transferências Constitucionais",2020,991642813.52,1154551013.94,-4.54041598440789,88.2561524960467
"Sergipe","Deduções - Transferências Constitucionais",2021,1187540286.24,1256240595.12,8.80771658871753,96.0295042800048
"Sergipe","Deduções - Transferências Constitucionais",2022,1315071501.75,1315071501.75,4.68309230401684,100.526654604527
"Sergipe","Outras Deduções da Receita",2018,63021938.91,79992335.13,NA,100
"Sergipe","Outras Deduções da Receita",2019,4454873.51,5421033.23,-93.2230591578681,6.77694084213191
"Sergipe","Outras Deduções da Receita",2020,5680666.94,6613893.32,22.0042940043,8.26815882953209
"Sergipe","Outras Deduções da Receita",2021,3169393.65,3352746.02,-49.3075279901854,4.19133410038757
"Sergipe","Outras Deduções da Receita",2022,2937523.89,2937523.89,-12.3845387489268,3.67225670462809
"Sergipe","Receitas Brutas Realizadas",2018,11032690210.48,14003546510.08,NA,100
"Sergipe","Receitas Brutas Realizadas",2019,11811941527.07,14373680282.13,2.64314309081324,102.643143090813
"Sergipe","Receitas Brutas Realizadas",2020,12723431718.64,14813651439.03,3.06094993254438,105.784998310013
"Sergipe","Receitas Brutas Realizadas",2021,14532671459.88,15373400005.83,3.77859955125723,109.782189781453
"Sergipe","Receitas Brutas Realizadas",2022,16518282236.45,16518282236.45,7.44716347838363,117.957848924627
"São Paulo","Receitas Brutas Realizadas",2018,242941822167.73,308360612059.71,NA,100
"São Paulo","Receitas Brutas Realizadas",2019,257443703586.69,313277328500.27,1.59446967228354,101.594469672284
"São Paulo","Receitas Brutas Realizadas",2020,266182354908.88,309911092544.5,-1.07452268310796,100.502814050872
"São Paulo","Receitas Brutas Realizadas",2021,305164395104.99,322818438883.61,4.16485458236917,104.688610107279
"São Paulo","Receitas Brutas Realizadas",2022,356633215710.19,356633215710.19,10.474859163411,115.654594576149
"Tocantins","Deduções - FUNDEB",2018,1226763890.05,1557103921.48,NA,100
"Tocantins","Deduções - FUNDEB",2019,1316694833.04,1602255693.18,2.89972756969772,102.899727569698
"Tocantins","Deduções - FUNDEB",2020,1326020309.91,1543860422.76,-3.64456626171212,99.1494788152988
"Tocantins","Deduções - FUNDEB",2021,1727058178.54,1826970098.74,18.3377766413545,117.331288781515
"Tocantins","Deduções - FUNDEB",2022,2003845201.75,2003845201.75,9.68133540510514,128.690524383586
"Tocantins","Deduções - Transferências Constitucionais",2018,830144949.14,1053684385.55,NA,100
"Tocantins","Deduções - Transferências Constitucionais",2019,873870393.54,1063392806,0.921378411138973,100.921378411139
"Tocantins","Deduções - Transferências Constitucionais",2020,961627750.13,1119605042.06,5.28612152939465,106.256205123092
"Tocantins","Deduções - Transferências Constitucionais",2021,1207394653.47,1277243555.94,14.0798324371562,121.216900758504
"Tocantins","Deduções - Transferências Constitucionais",2022,1325267360.95,1325267360.95,3.75995672764671,125.774603773619
"Tocantins","Outras Deduções da Receita",2018,1176491529.61,1493294340.66,NA,100
"Tocantins","Outras Deduções da Receita",2019,843613806.31,1026574260.1,-31.2543929118302,68.7456070881698
"Tocantins","Outras Deduções da Receita",2020,1073914505.69,1250338392.53,21.7971695889007,83.7302036500976
"Tocantins","Outras Deduções da Receita",2021,2021546753.87,2138495111.76,71.0333078258004,143.206536952041
"Tocantins","Outras Deduções da Receita",2022,2414557756.05,2414557756.05,12.9092015582303,161.693357451741
"Tocantins","Receitas Brutas Realizadas",2018,11297506951.47,14339672466.52,NA,100
"Tocantins","Receitas Brutas Realizadas",2019,12130987902.51,14761920486.77,2.94461412027267,102.944614120273
"Tocantins","Receitas Brutas Realizadas",2020,14122021360.67,16442002965.67,11.3811917657037,114.660938065765
"Tocantins","Receitas Brutas Realizadas",2021,17164434273.44,18157412743.27,10.4330949287729,126.623622580387
"Tocantins","Receitas Brutas Realizadas",2022,20761546546.64,20761546546.64,14.3419871552747,144.78396626641
